{
	"class_name" : "PinholeCameraParameters",
	"extrinsic" : 
	[
		0.73375958223949111,
		0.2401929243176546,
		-0.63553460533590223,
		0.0,
		0.64871935817844228,
		0.030277633909084188,
		0.76042518317676566,
		0.0,
		0.20189123258893027,
		-0.97025286600586802,
		-0.13360129569402218,
		0.0,
		184.27893235362575,
		15.220302499239986,
		319.31787439046099,
		1.0
	],
	"intrinsic" : 
	{
		"height" : 1080,
		"intrinsic_matrix" : 
		[
			935.30743608719376,
			0.0,
			0.0,
			0.0,
			935.30743608719376,
			0.0,
			959.5,
			539.5,
			1.0
		],
		"width" : 1920
	},
	"version_major" : 1,
	"version_minor" : 0
}